<?xml version="1.0" encoding="UTF-8"?>
<preferences>
 <debug showDebugMenu="0" />
 <systemtable filter="Default">
  <columns>
   <connections preferredWidth="175" />
   <irq preferredWidth="34" />
  </columns>
 </systemtable>
 <clocktable>
  <columns>
   <clockname preferredWidth="279" />
   <clocksource preferredWidth="278" />
   <frequency preferredWidth="260" />
  </columns>
 </clocktable>
 <window width="1656" height="819" x="158" y="67" />
 <library expandedCategories="Library,Library/Embedded Processors,Project" />
</preferences>
